<?xml version='1.0' encoding='utf-8'?>
<widget id="com.byjc.alohapp" version="0.0.1" xmlns="http://www.w3.org/ns/widgets" xmlns:cdv="http://cordova.apache.org/ns/1.0">
    <name>PhoneBook</name>
    <description>
        Fine PhoneBook
    </description>
    <author email="boris.illarionov@gmail.com" href="https://vk.com/boris.illarionov">
        Boris Illarionov
    </author>
    <content src="index.html" />
    <access origin="*" />
    <allow-navigation href="*" />
    <preference name="orientation" value="portrait" />
    <preference name="fullscreen" value="false" />
    <engine name="ios" spec="~4.1.1" />
    <access origin="tel:*" launch-external="yes" />
    <access origin="mailto:*" launch-external="yes" />
    <access origin="sms:*" launch-external="yes" />
</widget>
